INSERT INTO `book` (`id`, `title`, `create`, `update`) VALUES
(11, 'Алгоритмы решения экстремальных задач', '2013-11-30 20:10:39', '2013-12-01 12:19:06'),
(12, 'Структура научных революций', '2013-12-01 20:11:35', '2013-12-01 20:11:35'),
(13, 'Эволюционная эпистемология', '2013-12-07 20:12:13', '2013-12-07 20:12:13'),
(14, 'Логика и рост научного знания', '2013-12-08 20:12:42', '2013-12-08 20:12:42'),
(15, 'Теория меры и интеграла', '2013-12-09 20:14:30', '2013-12-09 20:14:30'),
(16, 'Теория меры и интеграла. Выпуск 2.', '2013-12-09 20:15:07', '2013-12-09 20:15:07'),
(17, 'Распознавание лиц на основе применения методы Виолы-Джонса.', '2013-12-09 20:18:46', '2013-12-09 20:18:46'),
(18, 'Евгений Онегин', '2013-12-10 12:09:11', '2013-12-11 12:29:42'),
(19, 'Борис Годунов', '2013-12-10 12:09:27', '2013-12-11 12:29:44'),
(20, 'Пир во время чумы', '2013-12-11 12:09:42', '2013-12-11 12:24:18'),
(21, 'Арап Петра Великого', '2013-12-11 12:09:58', '2013-12-11 12:19:24'),
(22, 'Теория игр: Учебное пособие', '2013-12-11 12:12:03', '2013-12-11 12:21:10'),
(23, 'Рубеж', '2013-12-11 12:14:11', '2013-12-11 12:14:11'),
(24, 'Песня про царя Ивана Васильевича', '2013-12-11 12:15:38', '2013-12-11 12:23:36'),
(25, 'Герой нашего времени', '2013-12-11 12:16:36', '2013-12-11 12:23:26'),
(26, 'Ангел смерти', '2013-12-11 12:16:56', '2013-12-11 12:19:45'),
(27, 'Высшая математика. Первый семестр', '2013-12-11 12:25:38', '2013-12-11 12:25:38');

INSERT INTO `author` (`id`, `name`, `create`, `update`) VALUES
(18, 'Флоринская Л.В.', '2012-10-07 20:14:28', '2013-12-11 12:31:01'),
(17, 'Макаров Б.М.', '2012-12-10 20:14:19', '2013-12-11 12:30:57'),
(15, 'Кун Т.С.', '2013-09-01 20:11:34', '2013-12-11 12:31:07'),
(16, 'Поппер К.', '2013-11-03 20:12:12', '2013-12-11 12:31:34'),
(14, 'Романовский И.В.', '2013-12-08 20:10:38', '2013-12-11 12:31:50'),
(19, 'Буй Тхи Тху Чанг', '2013-12-09 20:18:13', '2013-12-11 12:31:41'),
(20, 'Фан Нгок Хоанг', '2013-12-09 20:18:22', '2013-12-11 12:31:46'),
(21, 'Спицын В.Г.', '2013-12-10 20:18:30', '2013-12-10 20:18:30'),
(22, 'Пушкин А.С.', '2013-12-11 12:08:48', '2013-12-11 12:08:48'),
(23, 'Петросян Л. А.', '2013-12-11 12:11:48', '2013-12-11 12:11:48'),
(24, 'Зенкевич Н.А.', '2013-12-11 12:11:55', '2013-12-11 12:11:55'),
(25, 'Семина Е.А.', '2013-12-11 12:12:02', '2013-12-11 12:12:02'),
(26, 'Андрей Валентинов', '2013-12-11 12:13:49', '2013-12-11 12:13:49'),
(27, 'Генри Лайон Олди', '2013-12-11 12:13:57', '2013-12-11 12:13:57'),
(28, 'Сергей Дяченко', '2013-12-11 12:14:04', '2013-12-11 12:14:04'),
(29, 'Марина Дяченко', '2013-12-11 12:14:10', '2013-12-11 12:14:10'),
(30, 'Лермонтов М.Ю.', '2013-12-11 12:16:29', '2013-12-11 12:16:29'),
(31, 'В. Ю. Киселёв', '2013-12-11 12:25:22', '2013-12-11 12:25:22'),
(32, 'А. С. Пяртли', '2013-12-11 12:25:27', '2013-12-11 12:25:27'),
(33, 'Т. Ф. Калугина', '2013-12-11 12:25:33', '2013-12-11 12:25:33');

INSERT INTO `reader` (`id`, `name`, `create`, `update`) VALUES
(8, 'Иванов Иван', '2012-05-13 20:26:17', '2013-12-09 20:26:17'),
(9, 'Петров Пётр', '2012-10-03 20:26:25', '2013-05-31 20:26:25'),
(10, 'Сидоров Сидр', '2013-07-31 20:26:33', '2013-09-04 20:26:33'),
(11, 'Кеша Математиков', '2013-08-31 20:27:14', '2013-09-04 20:27:14'),
(12, 'Сережа Философов', '2013-11-30 20:27:31', '2013-11-30 20:27:47'),
(13, 'Вито Корлеоне', '2013-12-01 12:18:15', '2013-12-03 12:18:15'),
(14, 'Майкл Корлеоне', '2013-12-10 12:18:24', '2013-12-09 12:18:24'),
(15, 'Фредо Корлеоне', '2013-12-10 12:18:41', '2013-12-10 12:18:41'),
(16, 'Сергей Михалков', '2013-12-11 12:19:04', '2013-12-11 12:19:04'),
(17, 'Иоганн Бах', '2013-12-11 12:20:17', '2013-12-11 12:20:17'),
(18, 'Вольфганг Моцарт', '2013-12-11 12:20:35', '2013-12-11 12:20:35'),
(19, 'Имрэ Кальман', '2013-12-11 12:20:49', '2013-12-11 12:20:49'),
(20, 'Джек Доусон', '2013-12-11 12:21:10', '2013-12-11 12:21:10'),
(21, 'Джек Воробеев', '2013-12-11 12:22:15', '2013-12-11 12:22:15'),
(22, 'Джон Сильвер', '2013-12-11 12:22:38', '2013-12-11 12:22:38'),
(23, 'Доктор Ливси', '2013-12-11 12:22:51', '2013-12-11 12:22:51'),
(24, 'Джим Хоккинс', '2013-12-11 12:23:08', '2013-12-11 12:23:08'),
(25, 'Бутербродов Хлебец', '2013-12-11 12:24:17', '2013-12-11 12:24:17');

INSERT INTO `book_author` (`book_id`, `author_id`) VALUES
(11, 14),
(12, 15),
(13, 16),
(14, 16),
(15, 17),
(15, 18),
(16, 18),
(17, 19),
(17, 20),
(17, 21),
(18, 22),
(19, 22),
(20, 22),
(21, 22),
(22, 23),
(22, 24),
(22, 25),
(23, 26),
(23, 27),
(23, 28),
(23, 29),
(24, 30),
(25, 30),
(26, 30),
(27, 31),
(27, 32),
(27, 33);

INSERT INTO `book_reader` (`book_id`, `reader_id`) VALUES
(0, 8),
(0, 9),
(0, 10),
(11, 11),
(11, 13),
(11, 14),
(11, 15),
(11, 16),
(12, 0),
(12, 12),
(13, 0),
(13, 12),
(14, 0),
(14, 12),
(15, 0),
(15, 11),
(16, 0),
(16, 11),
(17, 0),
(17, 11),
(18, 21),
(18, 22),
(18, 23),
(18, 24),
(19, 13),
(20, 25),
(21, 8),
(21, 9),
(21, 10),
(21, 12),
(22, 17),
(22, 18),
(22, 19),
(22, 20),
(23, 0),
(24, 13),
(24, 18),
(25, 10),
(25, 24),
(26, 9),
(26, 16),
(27, 24);
